candy	Sparkles	Блёстки
star	Star	Звезда
work	Work	Работа
shopping	Shopping	Покупки
gaming	Gaming	Игры
books	Books	Книги
travel	Travel	Путешествия
home	Home	Дом
music	Music	Музыка
lab	Lab	Лаборатория
news	News	Новости
heart	Heart	Сердце
fire	Fire	Огонь
moon	Moon	Луна
nature	Nature	Природа
art	Art	Искусство
fitness	Fitness	Фитнес
idea	Idea	Идея
school	School	Школа
backpack	Backpack	Рюкзак
writing	Writing	Письмо
graduation	Graduation	Выпускной
reading	Reading	Чтение
student	Student	Студент
baby	Baby	Малыш
teddy	Teddy bear	Плюшевый мишка
bottle	Baby bottle	Бутылочка
family	Family	Семья
ring	Ring	Кольцо
wedding	Wedding	Свадьба
money	Money	Деньги
card	Card	Карта
coin	Coin	Монета
chart	Chart	График
movie	Movie	Кино
popcorn	Popcorn	Попкорн
television	Television	Телевизор
camera	Camera	Камера
computer	Computer	Компьютер
phone	Phone	Телефон
car	Car	Машина
bike	Bike	Велосипед
football	Football	Футбол
basketball	Basketball	Баскетбол
beach	Beach	Пляж
pizza	Pizza	Пицца
coffee	Coffee	Кофе
party	Party	Праздник
gift	Gift	Подарок
dog	Dog	Собака
cat	Cat	Кошка
world	World	Мир
health	Health	Здоровье
calendar	Calendar	Календарь
puzzle	Puzzle	Пазл
folder	Folder	Папка
bookmark	Bookmark	Закладка
globe	Globe	Глобус
